Workbook
Name inpClient: 'APP - Form Dettes'!$B$4
Name inpDate: 'APP - Form Dettes'!$B$5
Name inpDetteCDF: 'APP - Form Dettes'!$B$6
Name inpDetteUSD: 'APP - Form Dettes'!$B$7
Name inpPaiement: 'APP - Form Dettes'!$B$8
Name inpA_Type: 'APP - Form Airtime'!$B$6
Name inpA_Qte: 'APP - Form Airtime'!$B$7
Name inpC_Date: 'APP - Form Cash'!$B$4
Name inpC_Devise: 'APP - Form Cash'!$B$5
Name inpC_Montant: 'APP - Form Cash'!$B$6
Name inpC_Desc: 'APP - Form Cash'!$B$7
Name inpV_Date: 'APP - Form Virtuel'!$B$4
Name inpV_Reseau: 'APP - Form Virtuel'!$B$5
Name inpV_Devise: 'APP - Form Virtuel'!$B$6
Name inpV_Montant: 'APP - Form Virtuel'!$B$7
Name inpV_Desc: 'APP - Form Virtuel'!$B$8
Name inpA_Date: 'APP - Form Airtime'!$B$4
Name inpA_Reseau: 'APP - Form Airtime'!$B$5
Name inpA_Unites: 'APP - Form Airtime'!$B$6
Name inpA_ValCDF: 'APP - Form Airtime'!$B$7
Name inpA_ValUSD: 'APP - Form Airtime'!$B$8

Sheet APP - Menu
A1: PROLOGICIEL TKS — Version Application
A2: Choisis une action :
A4: ➕ Ajouter une dette client | C4: 📄 Ouvrir tableau Dettes
A6: ➕ Ajouter une réalisation Airtime | C6: 📄 Ouvrir tableau Airtime
A8: ➕ Ajouter une entrée Cash | C8: 📄 Ouvrir tableau Cash
A10: ➕ Ajouter une entrée Virtuel | C10: 📄 Ouvrir tableau Virtuel

Sheet APP - Form Dettes
A1: Formulaire — Dettes Clients
A2: Remplis les champs puis clique “ENREGISTRER” (macro).
A4: Client | D4: Texte
A5: Date | D5: Date (vide=aujourd’hui)
A6: Montant dette CDF | D6: Nombre
A7: Montant dette USD | D7: Nombre
A8: Paiement effectué | D8: Nombre
A11: ⬅ Menu | C11: 💾 ENREGISTRER

Sheet APP - Form Airtime
A1: Formulaire — Réalisations Airtime
A2: Remplis les champs puis clique “ENREGISTRER” (macro).
A4: Date | D4: Date (vide=aujourd’hui)
A5: Réseau | D5: Liste
A6: Unités réalisées | D6: Nombre
A7: Valeur en CDF | D7: Nombre
A8: Valeur en USD | D8: Nombre
A11: ⬅ Menu | C11: 💾 ENREGISTRER

Sheet APP - Form Cash
A1: Formulaire — Cash
A2: Remplis les champs puis clique “ENREGISTRER” (macro).
A4: Date | D4: Date (vide=aujourd’hui)
A5: Devise | D5: CDF ou USD
A6: Montant | D6: Nombre
A7: Description | D7: Texte (optionnel)
A10: ⬅ Menu | C10: 💾 ENREGISTRER

Sheet APP - Form Virtuel
A1: Formulaire — Virtuel
A2: Remplis les champs puis clique “ENREGISTRER” (macro).
A4: Date | D4: Date (vide=aujourd’hui)
A5: Réseau | D5: Liste
A6: Devise | D6: CDF ou USD
A7: Montant | D7: Nombre
A8: Description | D8: Texte (optionnel)
A11: ⬅ Menu | C11: 💾 ENREGISTRER

Sheet VBA - Code
A1: VBA — Code à coller dans Excel (Alt+F11 > Insertion > Module)
A3: Option Explicit
A5: '========================
A6: ' PROLOGICIEL TKS — VERSION APPLICATION
A7: '========================
A8: ' Étapes:
A9: ' 1) Ouvre ce fichier
A10: ' 2) Fichier > Enregistrer sous > Type: Classeur Excel prenant en charge les macros (*.xlsm)
A11: ' 3) Alt + F11 > Insertion > Module > colle ce code
A12: ' 4) Reviens sur les formulaires:
A13: ' - Clic droit sur la cellule "💾 ENREGISTRER" > Affecter une macro
A14: ' - Choisis la macro correspondante (Enregistrer_Dette, Enregistrer_Airtime, Enregistrer_Cash, Enregistrer_Virtuel)
... A147: End Sub

Sheet Paramètres
A1: Listes (pour menus déroulants)
A3: Réseaux | C3: Modes paiement | E3: Devises
A4: Orange | C4: Cash | E4: CDF
A5: Airtel | C5: E-money | E5: USD
A6: Africell | C6: Banque
A7: Vodacom | C7: Autre
A8: Autre

Sheet Mode d'emploi
A1: MODE D'EMPLOI - Prologiciel TKS (5 Tableaux + Dashboard)
A3: 1) Remplissez les tableaux : Dettes Clients, Réalisations Airtime, Cash, Virtuel, Mes dettes.
A4: 2) Utilisez les menus déroulants (Réseaux) dans Airtime / Virtuel / Objectif Airtime.
A5: 3) Le Dashboard se met à jour automatiquement (totaux).
A6: 4) Dans 'Synthèse Dettes', mettez la liste des clients en colonne A (à partir de la ligne 4) pour obtenir les totaux par client.
A7: 5) Astuce: Filtrez les tableaux (flèches) pour voir par date, réseau, client.
A9: NB: Les zones vides ne seront pas comptées.

Sheet Dashboard
A1: DASHBOARD - Résumé Business
A3: Dettes Clients | D3: Mes dettes
A4: Total dette CDF | B4: =SUM('Dettes Clients'!C2:C201) | D4: Total Mes dettes USD | E4: =SUM('Mes dettes'!C2:C201)
A5: Total dette USD | B5: =SUM('Dettes Clients'!D2:D201) | D5: Total Mes dettes CDF | E5: =SUM('Mes dettes'!D2:D201)
A6: Total paiements | B6: =SUM('Dettes Clients'!E2:E201) | D6: Nb. créanciers | E6: =COUNTA('Mes dettes'!B2:B201)
A7: Reste à payer (total) | B7: =SUM('Dettes Clients'!F2:F201)
A9: Réalisations Airtime | D9: Cash & Virtuel
A10: Total valeur CDF | B10: =SUM('Réalisations Airtime'!D2:D201) | D10: Cash total USD | E10: =SUM('Cash'!B2:B201)
A11: Total valeur USD | B11: =SUM('Réalisations Airtime'!E2:E201) | D11: Cash total CDF | E11: =SUM('Cash'!C2:C201)
A12: Total unités | B12: =SUM('Réalisations Airtime'!C2:C201) | D12: Virtuel total USD | E12: =SUM('Virtuel'!D2:D201)
D13: Virtuel total CDF | E13: =SUM('Virtuel'!C2:C201)
A14: Objectif Airtime
A15: Somme Montant du Jour | B15: =SUM('Objectif Airtime'!C2:C201)
A16: Note: | B16: Le 'Montant du mois' se répète par ligne (réseau+mois).
A17: Synthèse par Réseau
A18: Réseau | B18: Airtime CDF | C18: Airtime USD | D18: Virtuel CDF | E18: Virtuel USD
A19: Orange | B19: =SUMIF('Réalisations Airtime'!B:B,A19,'Réalisations Airtime'!D:D) | C19: =SUMIF('Réalisations Airtime'!B:B,A19,'Réalisations Airtime'!E:E) | D19: =SUMIF('Virtuel'!B:B,A19,'Virtuel'!C:C) | E19: =SUMIF('Virtuel'!B:B,A19,'Virtuel'!D:D)
A20: Africell | B20: =SUMIF('Réalisations Airtime'!B:B,A20,'Réalisations Airtime'!D:D) | C20: =SUMIF('Réalisations Airtime'!B:B,A20,'Réalisations Airtime'!E:E) | D20: =SUMIF('Virtuel'!B:B,A20,'Virtuel'!C:C) | E20: =SUMIF('Virtuel'!B:B,A20,'Virtuel'!D:D)
A21: Airtel | B21: =SUMIF('Réalisations Airtime'!B:B,A21,'Réalisations Airtime'!D:D) | C21: =SUMIF('Réalisations Airtime'!B:B,A21,'Réalisations Airtime'!E:E) | D21: =SUMIF('Virtuel'!B:B,A21,'Virtuel'!C:C) | E21: =SUMIF('Virtuel'!B:B,A21,'Virtuel'!D:D)

Sheet Dettes Clients
A1: Client | B1: Date | C1: Montant dette CDF | D1: Montant dette USD | E1: Paiement effectué | F1: Reste à payer | G1: Jours (depuis date) | H1: Statut
F2: =IF(COUNTA(A2:E2)=0,"",(C2+D2)-E2) | G2: =IF(B2="","",TODAY()-B2) | H2: =IF(F2="","",IF(F2<=0,"Payé","En cours"))
F3: =IF(COUNTA(A3:E3)=0,"",(C3+D3)-E3) | G3: =IF(B3="","",TODAY()-B3) | H3: =IF(F3="","",IF(F3<=0,"Payé","En cours"))
F4: =IF(COUNTA(A4:E4)=0,"",(C4+D4)-E4) | G4: =IF(B4="","",TODAY()-B4) | H4: =IF(F4="","",IF(F4<=0,"Payé","En cours"))
F5: =IF(COUNTA(A5:E5)=0,"",(C5+D5)-E5) | G5: =IF(B5="","",TODAY()-B5) | H5: =IF(F5="","",IF(F5<=0,"Payé","En cours"))
F6: =IF(COUNTA(A6:E6)=0,"",(C6+D6)-E6) | G6: =IF(B6="","",TODAY()-B6) | H6: =IF(F6="","",IF(F6<=0,"Payé","En cours"))
F7: =IF(COUNTA(A7:E7)=0,"",(C7+D7)-E7) | G7: =IF(B7="","",TODAY()-B7) | H7: =IF(F7="","",IF(F7<=0,"Payé","En cours"))
F8: =IF(COUNTA(A8:E8)=0,"",(C8+D8)-E8) | G8: =IF(B8="","",TODAY()-B8) | H8: =IF(F8="","",IF(F8<=0,"Payé","En cours"))
F9: =IF(COUNTA(A9:E9)=0,"",(C9+D9)-E9) | G9: =IF(B9="","",TODAY()-B9) | H9: =IF(F9="","",IF(F9<=0,"Payé","En cours"))
F10: =IF(COUNTA(A10:E10)=0,"",(C10+D10)-E10) | G10: =IF(B10="","",TODAY()-B10) | H10: =IF(F10="","",IF(F10<=0,"Payé","En cours"))
F11: =IF(COUNTA(A11:E11)=0,"",(C11+D11)-E11) | G11: =IF(B11="","",TODAY()-B11) | H11: =IF(F11="","",IF(F11<=0,"Payé","En cours"))
F12: =IF(COUNTA(A12:E12)=0,"",(C12+D12)-E12) | G12: =IF(B12="","",TODAY()-B12) | H12: =IF(F12="","",IF(F12<=0,"Payé","En cours"))
F13: =IF(COUNTA(A13:E13)=0,"",(C13+D13)-E13) | G13: =IF(B13="","",TODAY()-B13) | H13: =IF(F13="","",IF(F13<=0,"Payé","En cours"))
... F201: =IF(COUNTA(A201:E201)=0,"",(C201+D201)-E201) | G201: =IF(B201="","",TODAY()-B201) | H201: =IF(F201="","",IF(F201<=0,"Payé","En cours"))
A202: SOMMATION | C202: =SUM(C2:C201) | D202: =SUM(D2:D201) | E202: =SUM(E2:E201) | F202: =SUM(F2:F201)

Sheet Synthèse Dettes
A1: Synthèse Dettes Clients (par client)
A2: Client | B2: Total Dette CDF | C2: Total Dette USD | D2: Total Paiements | E2: Reste à payer
A3: (Entrez / collez ici la liste des clients uniques en colonne A à partir de la ligne 3)
B4: =IF($A4="","",SUMIFS('Dettes Clients'!$C$2:$C$201,'Dettes Clients'!$A$2:$A$201,$A4)) | C4: =IF($A4="","",SUMIFS('Dettes Clients'!$D$2:$D$201,'Dettes Clients'!$A$2:$A$201,$A4)) | D4: =IF($A4="","",SUMIFS('Dettes Clients'!$E$2:$E$201,'Dettes Clients'!$A$2:$A$201,$A4)) | E4: =IF($A4="","",$B4+$C4-$D4)
B5: =IF($A5="","",SUMIFS('Dettes Clients'!$C$2:$C$201,'Dettes Clients'!$A$2:$A$201,$A5)) | C5: =IF($A5="","",SUMIFS('Dettes Clients'!$D$2:$D$201,'Dettes Clients'!$A$2:$A$201,$A5)) | D5: =IF($A5="","",SUMIFS('Dettes Clients'!$E$2:$E$201,'Dettes Clients'!$A$2:$A$201,$A5)) | E5: =IF($A5="","",$B5+$C5-$D5)
B6: =IF($A6="","",SUMIFS('Dettes Clients'!$C$2:$C$201,'Dettes Clients'!$A$2:$A$201,$A6)) | C6: =IF($A6="","",SUMIFS('Dettes Clients'!$D$2:$D$201,'Dettes Clients'!$A$2:$A$201,$A6)) | D6: =IF($A6="","",SUMIFS('Dettes Clients'!$E$2:$E$201,'Dettes Clients'!$A$2:$A$201,$A6)) | E6: =IF($A6="","",$B6+$C6-$D6)
B7: =IF($A7="","",SUMIFS('Dettes Clients'!$C$2:$C$201,'Dettes Clients'!$A$2:$A$201,$A7)) | C7: =IF($A7="","",SUMIFS('Dettes Clients'!$D$2:$D$201,'Dettes Clients'!$A$2:$A$201,$A7)) | D7: =IF($A7="","",SUMIFS('Dettes Clients'!$E$2:$E$201,'Dettes Clients'!$A$2:$A$201,$A7)) | E7: =IF($A7="","",$B7+$C7-$D7)
B8: =IF($A8="","",SUMIFS('Dettes Clients'!$C$2:$C$201,'Dettes Clients'!$A$2:$A$201,$A8)) | C8: =IF($A8="","",SUMIFS('Dettes Clients'!$D$2:$D$201,'Dettes Clients'!$A$2:$A$201,$A8)) | D8: =IF($A8="","",SUMIFS('Dettes Clients'!$E$2:$E$201,'Dettes Clients'!$A$2:$A$201,$A8)) | E8: =IF($A8="","",$B8+$C8-$D8)
B9: =IF($A9="","",SUMIFS('Dettes Clients'!$C$2:$C$201,'Dettes Clients'!$A$2:$A$201,$A9)) | C9: =IF($A9="","",SUMIFS('Dettes Clients'!$D$2:$D$201,'Dettes Clients'!$A$2:$A$201,$A9)) | D9: =IF($A9="","",SUMIFS('Dettes Clients'!$E$2:$E$201,'Dettes Clients'!$A$2:$A$201,$A9)) | E9: =IF($A9="","",$B9+$C9-$D9)
B10: =IF($A10="","",SUMIFS('Dettes Clients'!$C$2:$C$201,'Dettes Clients'!$A$2:$A$201,$A10)) | C10: =IF($A10="","",SUMIFS('Dettes Clients'!$D$2:$D$201,'Dettes Clients'!$A$2:$A$201,$A10)) | D10: =IF($A10="","",SUMIFS('Dettes Clients'!$E$2:$E$201,'Dettes Clients'!$A$2:$A$201,$A10)) | E10: =IF($A10="","",$B10+$C10-$D10)
B11: =IF($A11="","",SUMIFS('Dettes Clients'!$C$2:$C$201,'Dettes Clients'!$A$2:$A$201,$A11)) | C11: =IF($A11="","",SUMIFS('Dettes Clients'!$D$2:$D$201,'Dettes Clients'!$A$2:$A$201,$A11)) | D11: =IF($A11="","",SUMIFS('Dettes Clients'!$E$2:$E$201,'Dettes Clients'!$A$2:$A$201,$A11)) | E11: =IF($A11="","",$B11+$C11-$D11)
B12: =IF($A12="","",SUMIFS('Dettes Clients'!$C$2:$C$201,'Dettes Clients'!$A$2:$A$201,$A12)) | C12: =IF($A12="","",SUMIFS('Dettes Clients'!$D$2:$D$201,'Dettes Clients'!$A$2:$A$201,$A12)) | D12: =IF($A12="","",SUMIFS('Dettes Clients'!$E$2:$E$201,'Dettes Clients'!$A$2:$A$201,$A12)) | E12: =IF($A12="","",$B12+$C12-$D12)
B13: =IF($A13="","",SUMIFS('Dettes Clients'!$C$2:$C$201,'Dettes Clients'!$A$2:$A$201,$A13)) | C13: =IF($A13="","",SUMIFS('Dettes Clients'!$D$2:$D$201,'Dettes Clients'!$A$2:$A$201,$A13)) | D13: =IF($A13="","",SUMIFS('Dettes Clients'!$E$2:$E$201,'Dettes Clients'!$A$2:$A$201,$A13)) | E13: =IF($A13="","",$B13+$C13-$D13)
B14: =IF($A14="","",SUMIFS('Dettes Clients'!$C$2:$C$201,'Dettes Clients'!$A$2:$A$201,$A14)) | C14: =IF($A14="","",SUMIFS('Dettes Clients'!$D$2:$D$201,'Dettes Clients'!$A$2:$A$201,$A14)) | D14: =IF($A14="","",SUMIFS('Dettes Clients'!$E$2:$E$201,'Dettes Clients'!$A$2:$A$201,$A14)) | E14: =IF($A14="","",$B14+$C14-$D14)
B15: =IF($A15="","",SUMIFS('Dettes Clients'!$C$2:$C$201,'Dettes Clients'!$A$2:$A$201,$A15)) | C15: =IF($A15="","",SUMIFS('Dettes Clients'!$D$2:$D$201,'Dettes Clients'!$A$2:$A$201,$A15)) | D15: =IF($A15="","",SUMIFS('Dettes Clients'!$E$2:$E$201,'Dettes Clients'!$A$2:$A$201,$A15)) | E15: =IF($A15="","",$B15+$C15-$D15)
... B103: =IF($A103="","",SUMIFS('Dettes Clients'!$C$2:$C$201,'Dettes Clients'!$A$2:$A$201,$A103)) | C103: =IF($A103="","",SUMIFS('Dettes Clients'!$D$2:$D$201,'Dettes Clients'!$A$2:$A$201,$A103)) | D103: =IF($A103="","",SUMIFS('Dettes Clients'!$E$2:$E$201,'Dettes Clients'!$A$2:$A$201,$A103)) | E103: =IF($A103="","",$B103+$C103-$D103)

Sheet Réalisations Airtime
A1: Date | B1: Réseau | C1: Unités réalisées | D1: Valeur en CDF | E1: Valeur en USD
A202: SOMMATION | C202: =SUM(C2:C201) | D202: =SUM(D2:D201) | E202: =SUM(E2:E201)

Sheet Cash
A1: Date | B1: Montant USD | C1: Montant CDF
A302: SOMMATION | B302: =SUM(B2:B301) | C302: =SUM(C2:C301)

Sheet Virtuel
A1: Date | B1: Réseau | C1: Montant CDF | D1: Montant USD
A202: SOMMATION | C202: =SUM(C2:C201) | D202: =SUM(D2:D201)

Sheet Objectif Airtime
A1: Date | B1: Réseau | C1: Montant du Jour | D1: Mois (AAAA-MM) | E1: Montant du mois
D2: =IF(A2="","",TEXT(A2,"yyyy-mm")) | E2: =IF(OR(B2="",D2=""),"",SUMIFS($C$2:$C$201,$B$2:$B$201,B2,$D$2:$D$201,D2))
D3: =IF(A3="","",TEXT(A3,"yyyy-mm")) | E3: =IF(OR(B3="",D3=""),"",SUMIFS($C$2:$C$201,$B$2:$B$201,B3,$D$2:$D$201,D3))
D4: =IF(A4="","",TEXT(A4,"yyyy-mm")) | E4: =IF(OR(B4="",D4=""),"",SUMIFS($C$2:$C$201,$B$2:$B$201,B4,$D$2:$D$201,D4))
D5: =IF(A5="","",TEXT(A5,"yyyy-mm")) | E5: =IF(OR(B5="",D5=""),"",SUMIFS($C$2:$C$201,$B$2:$B$201,B5,$D$2:$D$201,D5))
D6: =IF(A6="","",TEXT(A6,"yyyy-mm")) | E6: =IF(OR(B6="",D6=""),"",SUMIFS($C$2:$C$201,$B$2:$B$201,B6,$D$2:$D$201,D6))
D7: =IF(A7="","",TEXT(A7,"yyyy-mm")) | E7: =IF(OR(B7="",D7=""),"",SUMIFS($C$2:$C$201,$B$2:$B$201,B7,$D$2:$D$201,D7))
D8: =IF(A8="","",TEXT(A8,"yyyy-mm")) | E8: =IF(OR(B8="",D8=""),"",SUMIFS($C$2:$C$201,$B$2:$B$201,B8,$D$2:$D$201,D8))
D9: =IF(A9="","",TEXT(A9,"yyyy-mm")) | E9: =IF(OR(B9="",D9=""),"",SUMIFS($C$2:$C$201,$B$2:$B$201,B9,$D$2:$D$201,D9))
D10: =IF(A10="","",TEXT(A10,"yyyy-mm")) | E10: =IF(OR(B10="",D10=""),"",SUMIFS($C$2:$C$201,$B$2:$B$201,B10,$D$2:$D$201,D10))
D11: =IF(A11="","",TEXT(A11,"yyyy-mm")) | E11: =IF(OR(B11="",D11=""),"",SUMIFS($C$2:$C$201,$B$2:$B$201,B11,$D$2:$D$201,D11))
D12: =IF(A12="","",TEXT(A12,"yyyy-mm")) | E12: =IF(OR(B12="",D12=""),"",SUMIFS($C$2:$C$201,$B$2:$B$201,B12,$D$2:$D$201,D12))
D13: =IF(A13="","",TEXT(A13,"yyyy-mm")) | E13: =IF(OR(B13="",D13=""),"",SUMIFS($C$2:$C$201,$B$2:$B$201,B13,$D$2:$D$201,D13))
... D201: =IF(A201="","",TEXT(A201,"yyyy-mm")) | E201: =IF(OR(B201="",D201=""),"",SUMIFS($C$2:$C$201,$B$2:$B$201,B201,$D$2:$D$201,D201))
A202: SOMMATION | C202: =SUM(C2:C201) | E202: =SUM(E2:E201)

Sheet Mes dettes
A1: Date | B1: Client | C1: Montant USD | D1: Montant CDF
B202: TOTAL | C202: =SUM(C2:C201) | D202: =SUM(D2:D201)
